id_cliente,frecuencia_compra,engagement,valor_historico,satisfaccion,categoria_cliente,dias_desde_ultima_compra,canal_preferido
1,1,0.975,699914,3,Nuevo,88,Instagram
3,1,0.417,1909268,2,Nuevo,15,Web
5,5,0.756,1160428,4,Recurrente,121,WhatsApp
6,1,0.78,527563,5,Nuevo,88,Web
7,1,0.478,222263,4,Nuevo,61,WhatsApp
10,1,0.927,2890999,3,Nuevo,66,WhatsApp
11,1,0.603,366161,2,Nuevo,45,WhatsApp
13,5,0.92,494605,1,Recurrente,44,Llamada
16,1,0.874,654918,5,Nuevo,7,Instagram
17,1,0.998,1040975,1,Nuevo,112,WhatsApp
18,1,0.245,1822147,2,Nuevo,61,Web
19,1,0.842,605568,4,Nuevo,19,Instagram
21,1,0.231,2081172,1,Nuevo,100,Instagram
22,1,0.098,2609909,4,Nuevo,5,WhatsApp
23,1,0.979,2940128,4,Nuevo,83,Instagram
25,3,0.871,984836,3,Recurrente,156,Llamada
26,1,0.004,2305060,1,Nuevo,3,Llamada
27,1,0.021,2423684,2,Nuevo,70,WhatsApp
28,1,0.466,2391487,4,Nuevo,170,WhatsApp
29,3,0.239,575982,2,Recurrente,83,WhatsApp
31,1,0.566,1054181,4,Nuevo,99,WhatsApp
32,1,0.077,2784497,3,Nuevo,70,WhatsApp
33,1,0.163,1622464,1,Nuevo,32,Instagram
34,1,0.388,2710209,5,Nuevo,142,Instagram
35,1,0.186,482636,2,Nuevo,119,Llamada
37,1,0.416,1660719,3,Nuevo,92,WhatsApp
38,7,0.093,2719086,1,Recurrente,132,WhatsApp
39,1,0.484,1501627,5,Nuevo,177,WhatsApp
40,1,0.091,2261099,2,Nuevo,98,WhatsApp
43,1,0.86,2631517,5,Nuevo,173,WhatsApp
44,7,0.925,2899401,2,Recurrente,79,WhatsApp
45,11,0.826,2942047,1,Recurrente,138,Llamada
46,8,0.334,2291560,3,Recurrente,123,WhatsApp
47,1,0.272,707729,3,Nuevo,176,WhatsApp
49,3,0.722,397238,5,Recurrente,54,Instagram
50,1,0.993,1588282,2,Nuevo,4,Instagram
51,5,0.132,2434703,5,Recurrente,34,WhatsApp
54,1,0.832,1035080,2,Nuevo,53,Instagram
55,8,0.846,1357729,5,Recurrente,2,Instagram
57,1,0.954,646196,1,Nuevo,86,Instagram
58,1,0.511,2271658,4,Nuevo,109,WhatsApp
59,1,0.914,2431665,2,Nuevo,55,WhatsApp
60,1,0.968,2187885,1,Nuevo,1,Instagram
61,3,0.847,1972244,3,Recurrente,81,WhatsApp
62,1,0.31,2909281,2,Nuevo,93,Instagram
63,1,0.196,2803101,4,Nuevo,165,Instagram
64,1,0.548,1945052,2,Nuevo,4,WhatsApp
66,1,0.878,789270,1,Nuevo,138,WhatsApp
68,1,0.258,1147584,5,Nuevo,40,Instagram
69,7,0.752,573343,2,Recurrente,115,Instagram
70,6,0.095,2738234,4,Recurrente,43,Instagram
73,1,0.623,1545166,2,Nuevo,55,Instagram
75,1,0.861,2474519,5,Nuevo,1,Instagram
76,1,0.448,1078512,1,Nuevo,0,Instagram
78,4,0.468,2892664,4,Recurrente,124,WhatsApp
79,1,0.275,1463906,4,Nuevo,32,WhatsApp
81,1,0.004,2331768,1,Nuevo,35,WhatsApp
83,1,0.107,2773416,4,Nuevo,83,WhatsApp
84,1,0.392,619385,1,Nuevo,163,WhatsApp
85,1,0.589,2784711,3,Nuevo,25,Llamada
86,1,0.276,2703642,2,Nuevo,174,Instagram
88,1,0.775,1189987,4,Nuevo,165,Instagram
90,1,0.1,2356995,3,Nuevo,89,Instagram
92,1,0.96,355056,1,Nuevo,41,WhatsApp
93,1,0.038,556313,2,Nuevo,134,WhatsApp
94,4,0.978,420371,1,Recurrente,54,Llamada
95,1,0.005,535774,3,Nuevo,55,WhatsApp
96,6,0.874,252546,4,Recurrente,117,Instagram
98,1,0.939,2256810,1,Nuevo,62,WhatsApp
101,1,0.08,762923,2,Nuevo,98,WhatsApp
102,1,0.242,2990322,3,Nuevo,131,WhatsApp
103,1,0.774,1397962,2,Nuevo,41,WhatsApp
104,1,0.529,977445,1,Nuevo,95,Instagram
105,6,0.928,157966,5,Recurrente,109,Instagram
106,1,0.429,743187,3,Nuevo,69,Instagram
108,5,0.449,2839608,4,Recurrente,125,Llamada
109,3,0.979,755906,4,Recurrente,91,Instagram
110,1,0.96,1489977,2,Nuevo,39,Instagram
111,1,0.329,380453,4,Nuevo,178,WhatsApp
112,5,0.886,660784,5,Recurrente,156,Instagram
113,6,0.848,735628,3,Recurrente,41,Instagram
114,2,0.211,1839290,2,Recurrente,117,WhatsApp
118,1,0.175,493092,4,Nuevo,60,WhatsApp
119,1,0.071,738839,3,Nuevo,155,WhatsApp
120,1,0.4,2276015,5,Nuevo,40,WhatsApp
122,7,0.855,2306726,4,Recurrente,8,Instagram
124,1,0.439,2811774,2,Nuevo,165,Instagram
126,1,0.749,2405584,2,Nuevo,53,Llamada
127,1,0.565,1207500,4,Nuevo,179,WhatsApp
128,1,0.448,1505362,3,Nuevo,103,Instagram
129,1,0.309,2728708,1,Nuevo,125,WhatsApp
131,1,0.339,1128181,1,Nuevo,164,Instagram
132,1,0.757,1298756,5,Nuevo,176,Instagram
134,1,0.877,2240527,5,Nuevo,13,Instagram
136,4,0.238,1978945,3,Recurrente,117,WhatsApp
137,5,0.851,2470056,2,Recurrente,97,Instagram
140,1,0.624,1404559,3,Nuevo,86,WhatsApp
143,1,0.453,2655018,4,Nuevo,31,Instagram
144,1,0.726,2681062,3,Nuevo,100,Instagram
145,1,0.096,2195575,3,Nuevo,38,WhatsApp
146,1,0.396,1665737,1,Nuevo,93,WhatsApp
147,1,0.983,809904,2,Nuevo,9,WhatsApp
148,1,0.808,1146141,4,Nuevo,151,WhatsApp
149,1,0.16,1761742,1,Nuevo,99,Instagram
150,1,0.278,2934341,2,Nuevo,57,WhatsApp
152,1,0.65,56220,1,Nuevo,63,Instagram
153,1,0.757,666139,5,Nuevo,18,WhatsApp
154,2,0.75,760114,5,Recurrente,100,WhatsApp
155,1,0.51,1978337,4,Nuevo,116,Instagram
156,1,0.811,177636,1,Nuevo,135,Instagram
158,1,0.124,2562873,2,Nuevo,39,Instagram
159,1,0.564,1913296,1,Nuevo,12,WhatsApp
160,1,0.952,2745932,5,Nuevo,100,WhatsApp
161,1,0.793,331253,1,Nuevo,123,WhatsApp
162,1,0.579,2204478,5,Nuevo,154,WhatsApp
163,1,0.647,2113126,5,Nuevo,81,Instagram
164,1,0.931,399706,2,Nuevo,87,WhatsApp
165,1,0.428,431598,4,Nuevo,104,Web
167,1,0.977,857449,1,Nuevo,15,Instagram
168,1,0.863,1673201,5,Nuevo,13,Instagram
169,1,0.323,488701,1,Nuevo,127,Web
170,1,0.464,2334612,4,Nuevo,144,WhatsApp
171,1,0.415,60372,4,Nuevo,59,WhatsApp
172,1,0.149,549900,3,Nuevo,16,Instagram
173,1,0.958,1198626,3,Nuevo,44,WhatsApp
174,1,0.404,383477,5,Nuevo,37,Llamada
175,1,0.875,2425579,3,Nuevo,123,Web
177,1,0.548,765030,2,Nuevo,63,Llamada
179,1,0.764,2571629,3,Nuevo,5,Llamada
180,1,0.581,842539,1,Nuevo,111,Instagram
181,1,0.626,272368,3,Nuevo,101,Instagram
183,3,0.211,257746,3,Recurrente,20,WhatsApp
184,1,0.074,1789204,2,Nuevo,22,Instagram
185,8,0.289,1523400,5,Recurrente,75,WhatsApp
186,1,0.627,1636002,4,Nuevo,63,Instagram
188,1,0.612,1529485,5,Nuevo,26,Llamada
189,6,0.549,2928137,3,Recurrente,133,WhatsApp
190,8,0.273,2885512,1,Recurrente,148,WhatsApp
191,1,0.245,698431,4,Nuevo,70,WhatsApp
192,1,0.137,1775184,2,Nuevo,106,Instagram
193,1,0.849,855064,2,Nuevo,168,Instagram
194,11,0.616,324244,1,Recurrente,132,Instagram
195,1,0.187,2355129,1,Nuevo,142,Instagram
196,1,0.177,1938033,3,Nuevo,148,WhatsApp
198,1,0.743,128944,4,Nuevo,131,Instagram
199,1,0.659,2591208,1,Nuevo,134,Instagram
200,1,0.407,2035449,1,Nuevo,34,WhatsApp
201,1,0.262,2034540,1,Nuevo,163,WhatsApp
204,1,0.302,1665226,4,Nuevo,129,Instagram
205,1,0.848,2638744,4,Nuevo,119,Llamada
207,1,0.297,1913618,1,Nuevo,70,Instagram
208,1,0.427,1774931,2,Nuevo,85,Llamada
209,10,0.186,319861,3,Recurrente,94,WhatsApp
210,2,0.111,1308515,3,Recurrente,159,Llamada
212,1,0.268,2331892,1,Nuevo,169,WhatsApp
213,1,0.82,865982,2,Nuevo,74,WhatsApp
214,1,0.996,529367,2,Nuevo,167,WhatsApp
215,1,0.077,2712308,2,Nuevo,82,Instagram
216,1,0.473,1196615,1,Nuevo,37,WhatsApp
217,1,0.802,1633750,2,Nuevo,41,WhatsApp
218,1,0.789,2325460,4,Nuevo,164,WhatsApp
219,1,0.76,2717245,4,Nuevo,55,WhatsApp
220,1,0.349,1917540,1,Nuevo,70,WhatsApp
221,1,0.454,1211341,2,Nuevo,54,Instagram
222,1,0.595,2116776,5,Nuevo,21,WhatsApp
224,1,0.328,1383809,5,Nuevo,104,WhatsApp
225,6,0.923,499158,4,Recurrente,174,WhatsApp
228,1,0.67,1348898,2,Nuevo,38,WhatsApp
229,1,0.464,300483,5,Nuevo,142,WhatsApp
230,1,0.613,52438,3,Nuevo,118,Instagram
231,1,0.273,2502391,5,Nuevo,59,WhatsApp
232,1,0.274,466428,3,Nuevo,135,WhatsApp
233,1,0.114,1804298,1,Nuevo,43,Instagram
234,1,0.114,515393,1,Nuevo,42,WhatsApp
235,1,0.348,1246631,2,Nuevo,133,WhatsApp
238,1,0.103,1936006,2,Nuevo,22,WhatsApp
239,4,0.852,1023248,4,Recurrente,121,WhatsApp
240,5,0.601,2990597,2,Recurrente,140,WhatsApp
244,5,0.474,1045262,3,Recurrente,152,WhatsApp
246,1,0.028,2553473,3,Nuevo,51,WhatsApp
250,1,0.43,2717874,4,Nuevo,39,WhatsApp
253,1,0.673,2118051,4,Nuevo,68,Instagram
255,1,0.294,2863927,1,Recurrente,25,Llamada
258,1,0.392,1930786,1,Nuevo,116,Instagram
260,1,0.377,1718713,3,Nuevo,72,Instagram
261,5,0.628,939515,1,Recurrente,44,WhatsApp
262,1,0.547,2356789,1,Nuevo,16,WhatsApp
263,1,0.231,1555859,5,Nuevo,168,WhatsApp
264,1,0.344,1547488,4,Nuevo,76,WhatsApp
265,1,0.614,2034509,5,Nuevo,136,Instagram
266,1,0.861,930480,3,Nuevo,90,Instagram
267,1,0.753,1306324,5,Nuevo,105,WhatsApp
268,1,0.553,2394539,2,Nuevo,100,WhatsApp
269,1,0.362,2817359,4,Nuevo,102,WhatsApp
270,2,0.365,2849703,1,Recurrente,23,WhatsApp
271,1,0.879,963457,5,Nuevo,72,WhatsApp
272,1,0.039,1520566,5,Nuevo,120,WhatsApp
273,1,0.988,701631,1,Nuevo,105,WhatsApp
276,1,0.038,2830717,5,Nuevo,156,Instagram
279,1,0.106,954711,2,Nuevo,139,WhatsApp
280,5,0.278,1724688,5,Recurrente,92,WhatsApp
284,2,0.073,1647123,3,Recurrente,23,Instagram
285,1,0.714,338715,2,Nuevo,36,Web
287,1,0.614,1602323,2,Nuevo,98,Llamada
289,4,0.434,1209940,4,Recurrente,26,WhatsApp
290,1,0.593,1416769,1,Nuevo,66,WhatsApp
291,1,0.233,1462482,1,Nuevo,1,WhatsApp
293,1,0.589,1790434,5,Nuevo,145,WhatsApp
294,1,0.311,693341,3,Nuevo,147,WhatsApp
296,6,0.806,869227,4,Recurrente,71,WhatsApp
297,1,0.162,688100,4,Nuevo,129,Instagram
298,6,0.293,1708275,1,Recurrente,82,WhatsApp
300,1,0.315,235525,1,Nuevo,155,WhatsApp
302,2,0.13,1542117,4,Recurrente,106,Instagram
303,1,0.763,1016994,3,Nuevo,27,Instagram
304,1,0.068,624281,4,Nuevo,104,Instagram
305,1,0.013,2192858,1,Nuevo,111,WhatsApp
309,1,0.233,2080624,3,Nuevo,72,WhatsApp
310,1,0.617,1714298,3,Nuevo,159,WhatsApp
311,1,0.509,625087,2,Nuevo,179,Instagram
312,10,0.992,2791026,4,Recurrente,89,WhatsApp
314,1,0.635,2506675,2,Nuevo,142,WhatsApp
315,1,0.443,578089,2,Nuevo,168,WhatsApp
318,1,0.102,2812660,2,Nuevo,154,Llamada
319,2,0.328,725221,3,Recurrente,148,WhatsApp
320,1,0.075,2116128,2,Nuevo,59,WhatsApp
321,1,0.073,2602085,1,Nuevo,85,WhatsApp
322,1,0.196,2165789,5,Nuevo,70,Llamada
325,1,0.485,674225,4,Nuevo,16,Instagram
326,1,0.335,368316,3,Nuevo,177,WhatsApp
327,1,0.082,1124013,1,Nuevo,6,WhatsApp
328,4,0.55,546221,5,Recurrente,125,WhatsApp
329,1,0.271,73119,1,Nuevo,82,WhatsApp
332,1,0.111,1508071,5,Nuevo,26,WhatsApp
333,1,0.212,1953843,2,Nuevo,140,Instagram
334,1,0.473,280882,1,Nuevo,126,WhatsApp
337,1,0.898,1683669,4,Nuevo,62,Instagram
338,1,0.334,1116777,4,Nuevo,69,Instagram
340,1,0.103,2030840,4,Nuevo,163,Instagram
341,1,0.053,2551194,5,Nuevo,70,WhatsApp
343,4,0.927,2652493,2,Recurrente,142,WhatsApp
344,5,0.091,2455071,3,Recurrente,145,WhatsApp
345,1,0.113,2261242,1,Nuevo,131,WhatsApp
346,1,0.033,1105374,1,Nuevo,10,Llamada
348,3,0.209,2606471,2,Recurrente,121,Instagram
349,4,0.97,1700024,2,Recurrente,178,WhatsApp
350,1,0.668,232482,2,Nuevo,17,WhatsApp
351,5,0.779,2146306,1,Recurrente,66,Llamada
352,1,0.776,1409767,4,Nuevo,144,WhatsApp
354,1,0.797,2518936,1,Nuevo,33,WhatsApp
355,1,0.596,414758,1,Nuevo,157,WhatsApp
356,8,0.315,2018062,4,Recurrente,146,Instagram
357,1,0.561,2836376,3,Nuevo,136,Llamada
359,1,0.823,1708354,3,Nuevo,43,Instagram
360,1,0.982,1669177,3,Nuevo,94,WhatsApp
361,3,0.411,864356,1,Recurrente,90,Instagram
363,1,0.1,1105888,1,Nuevo,152,WhatsApp
364,1,0.777,1212320,1,Nuevo,70,WhatsApp
366,10,0.039,267522,2,Recurrente,175,WhatsApp
367,1,0.363,2425488,1,Nuevo,70,Llamada
369,1,0.119,1286873,5,Nuevo,107,WhatsApp
370,1,0.924,1981556,3,Nuevo,176,WhatsApp
372,1,0.93,1177287,4,Nuevo,18,WhatsApp
373,1,0.707,2812807,2,Nuevo,65,Llamada
374,1,0.33,689395,5,Nuevo,161,Instagram
376,1,0.741,474502,2,Nuevo,105,Instagram
378,1,0.672,278552,5,Nuevo,14,WhatsApp
380,1,0.488,2234665,1,Nuevo,14,Instagram
382,1,0.214,801247,4,Nuevo,150,Instagram
383,1,0.418,256924,4,Nuevo,65,Llamada
384,1,0.292,891688,2,Nuevo,173,WhatsApp
385,1,0.765,1882413,5,Recurrente,113,WhatsApp
386,1,0.764,673031,5,Nuevo,136,Instagram
389,1,0.011,2078851,5,Nuevo,71,Instagram
391,5,0.41,1880439,2,Recurrente,161,WhatsApp
392,1,0.988,854069,3,Nuevo,43,WhatsApp
393,1,0.47,2142317,4,Nuevo,156,Llamada
394,1,0.256,118745,2,Recurrente,15,WhatsApp
395,7,0.891,1659181,2,Recurrente,77,WhatsApp
396,2,0.491,1803702,2,Recurrente,51,WhatsApp
397,4,0.599,2674983,4,Recurrente,1,WhatsApp
398,1,0.096,537843,2,Nuevo,60,Instagram
400,1,0.944,1061987,5,Nuevo,125,WhatsApp
401,1,0.59,1644928,3,Nuevo,51,WhatsApp
403,1,0.626,654730,5,Nuevo,179,WhatsApp
404,1,0.91,2791990,2,Nuevo,30,Llamada
407,1,0.959,363625,1,Nuevo,120,Instagram
408,1,0.172,127347,3,Nuevo,50,Instagram
409,1,0.72,1695181,4,Nuevo,94,Instagram
410,1,0.614,566066,4,Nuevo,175,WhatsApp
412,1,0.351,1441819,3,Nuevo,135,Instagram
413,1,0.314,1386608,5,Nuevo,11,Instagram
415,1,0.216,999856,2,Nuevo,44,Instagram
416,1,0.42,1607229,1,Nuevo,33,WhatsApp
417,1,0.188,1775612,1,Nuevo,71,WhatsApp
418,10,0.008,2475132,2,Recurrente,174,Instagram
424,1,0.201,1848806,3,Nuevo,70,WhatsApp
425,3,0.79,2649422,3,Recurrente,13,WhatsApp
426,1,0.784,647131,1,Nuevo,78,Instagram
427,1,0.113,79251,1,Nuevo,72,WhatsApp
428,1,0.912,1853629,2,Nuevo,51,Instagram
429,1,0.195,1021388,1,Nuevo,170,WhatsApp
430,1,0.613,2986204,5,Nuevo,75,Instagram
431,1,0.986,1632904,4,Nuevo,18,WhatsApp
432,1,0.882,449185,1,Nuevo,26,Llamada
433,7,0.957,1688299,1,Recurrente,145,WhatsApp
435,1,0.106,1435387,5,Nuevo,106,Instagram
437,3,0.5,372670,4,Recurrente,84,WhatsApp
438,1,0.793,1244341,1,Nuevo,161,WhatsApp
439,1,0.15,1617981,2,Nuevo,140,WhatsApp
440,1,0.66,1157666,5,Nuevo,108,Llamada
441,0,0.324,1497754,1,Recurrente,114,WhatsApp
442,1,0.341,1068364,5,Nuevo,50,WhatsApp
443,1,0.662,540167,1,Nuevo,0,WhatsApp
445,1,0.812,2425740,4,Nuevo,155,WhatsApp
448,1,0.064,481600,3,Nuevo,153,Llamada
449,1,0.194,2124678,2,Nuevo,141,WhatsApp
450,1,0.656,2656242,3,Nuevo,92,Instagram
451,4,0.855,2506525,5,Recurrente,67,WhatsApp
452,1,0.253,1473034,3,Recurrente,62,WhatsApp
454,1,0.537,1647112,1,Nuevo,141,WhatsApp
455,1,0.212,489378,3,Nuevo,154,WhatsApp
456,1,0.811,748050,5,Nuevo,40,WhatsApp
457,1,0.774,1488241,5,Nuevo,2,WhatsApp
458,1,0.145,2915264,2,Nuevo,93,Instagram
460,1,0.775,93237,4,Nuevo,150,WhatsApp
461,1,0.337,2051812,4,Nuevo,17,WhatsApp
462,7,0.633,1706094,4,Recurrente,103,WhatsApp
463,1,0.05,2706420,1,Nuevo,73,WhatsApp
464,1,0.609,835345,5,Nuevo,119,WhatsApp
465,1,0.153,1093637,4,Nuevo,75,WhatsApp
467,1,0.355,1370274,2,Nuevo,7,Instagram
468,1,0.282,2647375,1,Nuevo,159,Llamada
470,5,0.05,98167,5,Recurrente,168,Instagram
471,10,0.397,1346181,4,Recurrente,172,WhatsApp
472,1,0.37,2842940,2,Nuevo,100,WhatsApp
474,1,0.912,2393302,1,Nuevo,89,Web
475,1,0.751,1514011,5,Nuevo,47,Instagram
478,1,0.527,1011731,1,Nuevo,86,WhatsApp
479,1,0.901,933513,4,Nuevo,94,WhatsApp
480,1,0.313,2694556,2,Nuevo,171,WhatsApp
481,1,0.574,1367394,5,Nuevo,113,Instagram
483,1,0.49,2414742,3,Nuevo,28,Instagram
484,4,0.456,2271961,5,Recurrente,1,WhatsApp
485,1,0.206,1905768,1,Nuevo,77,WhatsApp
486,9,0.756,2673403,5,Recurrente,67,WhatsApp
487,1,0.451,2517577,2,Nuevo,97,WhatsApp
488,1,0.959,732622,1,Nuevo,116,WhatsApp
489,1,0.261,2158312,3,Nuevo,109,Instagram
491,1,0.941,57543,4,Nuevo,40,WhatsApp
492,1,0.663,943643,4,Nuevo,114,Instagram
495,1,0.36,1337489,5,Nuevo,86,WhatsApp
496,1,0.6,900262,1,Nuevo,21,Instagram
497,8,0.156,845043,3,Recurrente,48,Instagram
498,6,0.536,326016,2,Recurrente,155,WhatsApp
500,1,0.744,2968514,4,Nuevo,67,Instagram
501,1,0.528,1957030,1,Nuevo,163,WhatsApp
502,6,0.411,1161290,4,Recurrente,21,WhatsApp
507,3,0.217,686024,5,Recurrente,169,WhatsApp
508,1,0.971,645067,4,Nuevo,54,WhatsApp
509,1,0.979,2098149,1,Nuevo,34,Instagram
511,1,0.88,2419184,3,Nuevo,72,WhatsApp
512,1,0.214,1681629,5,Nuevo,76,Instagram
513,1,0.972,2340938,4,Nuevo,131,Llamada
514,4,0.143,1095358,1,Recurrente,173,WhatsApp
515,6,0.101,1958010,5,Recurrente,124,WhatsApp
517,1,0.573,1044233,3,Nuevo,60,WhatsApp
518,1,0.781,2672760,2,Nuevo,121,WhatsApp
519,3,0.367,358176,1,Recurrente,34,WhatsApp
520,1,0.978,2749203,5,Nuevo,68,Instagram
524,3,0.679,1082673,4,Recurrente,124,WhatsApp
525,5,0.832,2326961,1,Recurrente,42,Instagram
526,11,0.459,1646925,4,Recurrente,146,WhatsApp
527,1,0.594,2505886,2,Nuevo,76,WhatsApp
530,1,0.986,2061718,1,Nuevo,1,WhatsApp
531,1,0.049,534331,4,Nuevo,135,WhatsApp
532,5,0.887,1493774,4,Recurrente,149,WhatsApp
535,1,0.955,2491902,4,Nuevo,100,Instagram
536,1,0.483,1981430,4,Nuevo,85,Instagram
537,1,0.332,684198,4,Nuevo,121,WhatsApp
538,4,0.181,2988265,4,Recurrente,74,Instagram
539,1,0.244,2771503,5,Nuevo,74,WhatsApp
541,1,0.614,2121407,5,Nuevo,164,WhatsApp
542,1,0.913,734873,1,Nuevo,77,Instagram
543,4,0.232,1907600,3,Recurrente,156,Llamada
544,1,0.121,2521492,1,Nuevo,164,Instagram
545,1,0.006,1908626,5,Nuevo,20,WhatsApp
548,1,0.695,598442,4,Nuevo,175,Web
549,1,0.308,1131458,2,Nuevo,82,Instagram
550,1,0.877,1667781,5,Nuevo,174,WhatsApp
552,9,0.015,589989,3,Recurrente,14,Llamada
553,1,0.817,2353505,4,Nuevo,112,Instagram
554,1,0.301,2892383,4,Nuevo,140,Instagram
555,4,0.15,1691089,2,Recurrente,123,Instagram
556,1,0.226,955710,4,Nuevo,140,WhatsApp
557,4,0.469,757852,3,Recurrente,114,Instagram
559,3,0.289,1134495,3,Recurrente,31,WhatsApp
560,7,0.172,1601815,5,Recurrente,98,Web
561,1,0.762,1802362,5,Nuevo,86,WhatsApp
562,1,0.99,2854679,5,Nuevo,148,Instagram
563,4,0.778,59013,1,Recurrente,111,WhatsApp
565,1,0.245,2806086,3,Nuevo,23,Instagram
566,1,0.218,1851952,2,Nuevo,48,WhatsApp
568,1,0.551,2703668,5,Nuevo,74,WhatsApp
569,3,0.605,1345944,1,Recurrente,108,Instagram
572,1,0.292,2044719,2,Nuevo,89,WhatsApp
575,1,0.349,2276954,1,Nuevo,163,WhatsApp
577,1,0.374,107955,1,Nuevo,70,WhatsApp
579,1,0.088,101033,2,Nuevo,137,WhatsApp
581,1,0.853,97219,2,Nuevo,20,WhatsApp
582,1,0.22,2836989,3,Nuevo,39,WhatsApp
583,1,0.065,2630148,5,Nuevo,41,WhatsApp
585,1,0.212,248300,4,Nuevo,45,Instagram
586,9,0.393,1507315,3,Recurrente,81,Llamada
589,6,0.793,2320429,5,Recurrente,40,Instagram
590,1,0.804,967629,5,Nuevo,93,WhatsApp
592,8,0.336,416540,3,Recurrente,98,Instagram
594,1,0.074,183783,3,Nuevo,141,WhatsApp
595,1,0.992,2044102,4,Nuevo,52,Instagram
596,1,0.656,321326,5,Nuevo,127,WhatsApp
598,1,0.765,1973156,3,Nuevo,22,WhatsApp
599,1,0.84,1039035,2,Nuevo,84,Instagram
600,1,0.807,1988814,3,Nuevo,158,WhatsApp
601,1,0.017,1242568,2,Nuevo,95,Instagram
603,5,0.655,170270,2,Recurrente,150,Instagram
604,1,0.376,2805077,2,Nuevo,7,WhatsApp
605,6,0.982,1187485,2,Recurrente,75,Instagram
606,1,0.665,1545734,2,Nuevo,99,WhatsApp
607,1,0.957,1076597,1,Nuevo,15,WhatsApp
609,7,0.864,2040771,2,Recurrente,156,WhatsApp
610,1,0.321,1753525,5,Nuevo,92,WhatsApp
613,1,0.516,84510,4,Nuevo,160,WhatsApp
615,1,0.433,137919,5,Nuevo,173,WhatsApp
616,2,0.468,1211619,3,Recurrente,60,WhatsApp
617,1,0.986,782726,5,Nuevo,168,WhatsApp
618,5,0.425,2569343,5,Recurrente,17,Instagram
621,1,0.842,1777203,4,Nuevo,15,WhatsApp
622,11,0.648,530265,4,Recurrente,103,WhatsApp
623,2,0.404,2938481,1,Recurrente,178,WhatsApp
625,5,0.592,2461836,1,Recurrente,13,WhatsApp
626,1,0.013,2623283,3,Nuevo,102,Llamada
627,1,0.001,294367,5,Nuevo,67,Instagram
628,1,0.616,866462,4,Nuevo,29,Instagram
631,1,0.653,952997,3,Nuevo,163,WhatsApp
633,1,0.313,1521274,1,Nuevo,63,Instagram
634,11,0.149,2466551,3,Recurrente,13,Llamada
635,1,0.58,928839,4,Nuevo,22,WhatsApp
636,1,0.662,1740816,1,Nuevo,175,WhatsApp
637,1,0.721,2605298,2,Nuevo,155,WhatsApp
638,1,0.255,1559579,4,Nuevo,121,Web
639,1,0.089,1994404,5,Nuevo,6,WhatsApp
640,1,0.079,2432970,3,Nuevo,169,Instagram
641,5,0.426,1878409,4,Recurrente,9,WhatsApp
643,1,0.218,352570,2,Nuevo,101,Llamada
646,1,0.606,1791951,1,Nuevo,159,WhatsApp
647,1,0.68,647539,5,Nuevo,126,Instagram
649,5,0.861,1980037,2,Recurrente,4,Instagram
650,1,0.486,1181566,5,Nuevo,60,WhatsApp
651,1,0.134,730050,2,Nuevo,121,Instagram
652,1,0.289,345906,2,Nuevo,89,Instagram
653,1,0.662,742859,2,Nuevo,102,WhatsApp
654,1,0.613,2628356,3,Nuevo,89,WhatsApp
655,1,0.531,1499462,5,Nuevo,2,WhatsApp
657,1,0.637,1995188,4,Nuevo,116,WhatsApp
658,1,0.881,1809133,4,Nuevo,97,Web
659,1,0.586,1148425,1,Nuevo,161,WhatsApp
660,1,0.779,629649,1,Nuevo,83,Instagram
662,2,0.678,2119946,4,Recurrente,41,WhatsApp
667,1,0.06,2025975,1,Nuevo,147,WhatsApp
668,1,0.582,1301590,4,Nuevo,5,WhatsApp
669,5,0.13,2705364,2,Recurrente,121,WhatsApp
670,1,0.967,2144889,2,Nuevo,169,WhatsApp
671,1,0.811,1860775,3,Nuevo,24,Instagram
672,5,0.11,907263,3,Recurrente,40,WhatsApp
676,1,0.035,2001944,3,Nuevo,170,Instagram
678,1,0.388,1207122,2,Nuevo,56,WhatsApp
680,1,0.802,601719,5,Nuevo,73,Llamada
682,5,0.757,2625903,3,Recurrente,132,Instagram
684,10,0.216,2277526,5,Recurrente,96,WhatsApp
685,1,0.264,774568,4,Nuevo,14,WhatsApp
686,2,0.209,703420,5,Recurrente,87,WhatsApp
687,1,0.765,1433714,1,Nuevo,93,WhatsApp
688,1,0.948,2886587,2,Nuevo,125,WhatsApp
689,1,0.717,720247,1,Nuevo,99,Llamada
692,1,0.388,1561718,3,Nuevo,165,WhatsApp
695,5,0.031,340635,5,Recurrente,130,Instagram
696,4,0.695,609168,1,Recurrente,156,WhatsApp
698,3,0.552,2520352,5,Recurrente,158,WhatsApp
699,1,0.558,399829,3,Nuevo,65,Instagram
700,1,0.277,1965883,5,Nuevo,44,WhatsApp
701,1,0.476,1193417,1,Nuevo,21,Instagram
702,1,0.471,1820826,3,Nuevo,82,WhatsApp
703,1,0.388,2032673,2,Nuevo,137,Instagram
706,5,0.604,1973099,3,Recurrente,66,Instagram
708,5,0.866,1336479,1,Recurrente,100,Instagram
711,2,0.035,2984312,4,Recurrente,76,Instagram
712,1,0.261,714051,2,Nuevo,157,WhatsApp
713,5,0.279,2156908,1,Recurrente,86,WhatsApp
715,1,0.649,1688388,5,Nuevo,71,WhatsApp
717,1,0.135,2503732,2,Nuevo,58,WhatsApp
718,1,0.156,2163685,4,Nuevo,19,WhatsApp
719,1,0.63,571970,2,Nuevo,156,Instagram
721,1,0.86,1454038,4,Nuevo,161,WhatsApp
722,1,0.941,2869672,4,Nuevo,171,Llamada
723,1,0.202,1139005,5,Nuevo,108,Llamada
725,8,0.24,398492,2,Recurrente,164,Instagram
726,1,0.359,2073001,5,Nuevo,162,Llamada
728,5,0.575,381627,5,Recurrente,109,Instagram
730,1,0.49,480898,2,Nuevo,37,WhatsApp
731,1,0.029,1980917,5,Nuevo,128,Instagram
733,3,0.538,2606481,2,Recurrente,30,Instagram
734,5,0.719,99574,5,Recurrente,35,WhatsApp
735,1,0.215,2510363,5,Nuevo,104,WhatsApp
736,1,0.722,1128642,5,Nuevo,108,WhatsApp
738,1,0.412,2130029,4,Nuevo,156,WhatsApp
740,1,0.404,79418,4,Nuevo,130,Llamada
741,3,0.678,624162,4,Recurrente,60,WhatsApp
742,1,0.764,180538,1,Nuevo,5,WhatsApp
743,1,0.992,2084328,2,Nuevo,19,WhatsApp
744,1,0.345,263699,4,Nuevo,110,WhatsApp
745,1,0.411,1311041,3,Nuevo,60,WhatsApp
747,1,0.204,2651740,3,Nuevo,140,WhatsApp
748,1,0.693,2721075,1,Nuevo,22,Llamada
749,1,0.917,307470,3,Nuevo,78,WhatsApp
750,1,0.395,1998031,1,Nuevo,30,Instagram
751,1,0.18,411981,1,Nuevo,3,WhatsApp
752,5,0.285,329548,1,Recurrente,117,Llamada
757,3,0.008,2326583,2,Recurrente,175,WhatsApp
758,1,0.539,534023,1,Nuevo,122,Instagram
760,9,0.266,1003618,2,Recurrente,3,Instagram
763,1,0.655,82799,5,Nuevo,143,Instagram
764,1,0.446,1975296,2,Nuevo,88,WhatsApp
766,9,0.836,2449941,3,Recurrente,76,WhatsApp
767,1,0.758,744298,3,Nuevo,157,WhatsApp
768,1,0.321,2597350,1,Nuevo,64,WhatsApp
769,1,0.103,389758,1,Nuevo,68,WhatsApp
771,1,0.094,2108836,5,Nuevo,74,Instagram
772,1,0.583,2159572,3,Nuevo,161,WhatsApp
773,1,0.052,330456,1,Nuevo,28,WhatsApp
775,1,0.753,352445,2,Nuevo,152,Llamada
776,1,0.294,2194124,5,Nuevo,93,Llamada
777,1,0.763,1179429,3,Nuevo,65,Web
778,1,0.745,2791575,4,Nuevo,114,WhatsApp
780,1,0.729,859286,1,Nuevo,142,WhatsApp
781,1,0.748,382924,1,Nuevo,31,Instagram
782,1,0.397,418602,5,Nuevo,19,WhatsApp
783,1,0.21,2656804,3,Nuevo,52,WhatsApp
784,1,0.521,1424340,1,Nuevo,48,WhatsApp
785,1,0.921,1974598,2,Nuevo,88,Instagram
786,7,0.64,2978174,2,Recurrente,81,WhatsApp
787,1,0.173,1985204,4,Nuevo,0,Instagram
789,5,0.427,2550989,1,Recurrente,60,WhatsApp
790,1,0.592,167781,4,Nuevo,129,WhatsApp
792,1,0.515,1872648,4,Nuevo,16,WhatsApp
793,1,0.814,895218,4,Nuevo,156,WhatsApp
794,4,0.722,171403,1,Recurrente,116,Web
795,3,0.615,1819147,1,Recurrente,105,Llamada
796,1,0.151,599634,1,Nuevo,131,WhatsApp
797,1,0.836,2777073,5,Nuevo,84,Llamada
799,2,0.137,2589521,4,Recurrente,75,Instagram
801,1,0.259,1890980,2,Nuevo,49,WhatsApp
802,1,0.755,1933071,3,Nuevo,60,Instagram
804,3,0.141,2990639,5,Recurrente,50,Llamada
805,1,0.877,1556158,4,Nuevo,76,WhatsApp
810,1,0.158,2194056,4,Nuevo,155,WhatsApp
811,1,0.168,1150896,1,Nuevo,137,WhatsApp
812,1,0.662,832884,1,Nuevo,87,WhatsApp
813,1,0.55,839031,2,Nuevo,179,WhatsApp
814,1,0.122,1448356,4,Nuevo,16,Instagram
815,1,0.113,790079,4,Nuevo,64,Instagram
816,1,0.072,761525,5,Nuevo,123,WhatsApp
817,1,0.744,1288503,2,Nuevo,20,WhatsApp
819,1,0.058,2671458,3,Nuevo,176,Instagram
822,2,0.904,383060,3,Recurrente,68,WhatsApp
824,1,0.698,2004201,1,Nuevo,148,Instagram
827,1,0.829,2971071,1,Nuevo,175,Web
829,1,0.306,2643535,2,Nuevo,145,Llamada
830,1,0.218,2249494,3,Nuevo,98,Instagram
831,1,0.327,2732897,5,Nuevo,14,WhatsApp
832,1,0.628,1379556,1,Nuevo,43,WhatsApp
833,1,0.173,1598160,4,Nuevo,172,Instagram
834,1,0.259,2944978,3,Nuevo,96,Llamada
835,3,0.468,2665064,1,Recurrente,35,WhatsApp
836,9,0.233,436804,3,Recurrente,167,WhatsApp
837,1,0.589,2782039,3,Nuevo,178,Instagram
839,1,0.748,2271373,4,Nuevo,25,WhatsApp
840,1,0.666,1175894,1,Nuevo,84,WhatsApp
841,1,0.583,2017239,3,Nuevo,100,Llamada
842,2,0.488,1044670,3,Recurrente,120,WhatsApp
843,1,0.187,2462008,1,Nuevo,30,WhatsApp
844,1,0.895,835072,3,Nuevo,16,WhatsApp
847,7,0.75,1760525,2,Recurrente,23,Instagram
848,1,0.176,2981825,2,Nuevo,121,WhatsApp
849,1,0.372,1878531,4,Nuevo,131,WhatsApp
851,1,0.137,2313235,1,Nuevo,129,Instagram
852,4,0.173,844609,5,Recurrente,162,WhatsApp
854,1,0.657,2785946,2,Nuevo,37,WhatsApp
855,1,0.837,2906258,4,Nuevo,172,WhatsApp
856,1,0.373,2732791,5,Nuevo,142,WhatsApp
858,1,0.213,626115,3,Nuevo,130,Instagram
860,1,0.151,2215924,4,Nuevo,179,Instagram
861,6,0.621,2687051,1,Recurrente,168,Instagram
864,4,0.762,2883877,5,Recurrente,52,Instagram
865,4,0.546,1566008,1,Recurrente,118,WhatsApp
867,1,0.935,408773,3,Recurrente,55,Instagram
868,6,0.299,1447363,3,Recurrente,86,Instagram
869,8,0.359,1959692,5,Recurrente,75,WhatsApp
870,7,0.718,1469330,5,Recurrente,84,WhatsApp
871,1,0.611,2005340,4,Nuevo,84,WhatsApp
872,1,0.179,854597,1,Nuevo,159,WhatsApp
873,1,0.376,1732186,5,Nuevo,80,WhatsApp
874,1,0.468,1153091,2,Nuevo,164,Instagram
875,1,0.419,159446,1,Nuevo,7,Instagram
876,6,0.178,1806463,4,Recurrente,10,Instagram
877,1,0.924,109789,3,Nuevo,137,WhatsApp
878,1,0.762,2854414,4,Nuevo,114,WhatsApp
879,5,0.481,2179343,1,Recurrente,80,Instagram
880,6,0.68,2730928,3,Recurrente,86,Instagram
881,6,0.897,1829018,2,Recurrente,41,WhatsApp
882,4,0.136,754960,3,Recurrente,36,Instagram
883,1,0.25,923889,3,Nuevo,91,WhatsApp
886,1,0.036,980340,5,Nuevo,151,Instagram
887,1,0.984,2685180,3,Nuevo,155,Llamada
888,2,0.455,1767038,3,Recurrente,36,Instagram
889,8,0.359,2359117,4,Recurrente,20,Llamada
890,1,0.293,1212493,5,Nuevo,160,WhatsApp
891,1,0.174,2696661,2,Nuevo,129,Instagram
892,1,0.792,2210417,3,Nuevo,82,WhatsApp
893,1,0.955,575007,3,Nuevo,155,WhatsApp
894,6,0.414,264514,4,Recurrente,142,WhatsApp
895,1,0.952,2039220,4,Nuevo,0,WhatsApp
896,1,0.824,182141,4,Recurrente,106,WhatsApp
898,1,0.674,1171861,2,Nuevo,49,Instagram
900,1,0.559,618323,3,Nuevo,155,Llamada
901,1,0.058,438831,4,Nuevo,136,Instagram
903,1,0.053,2568305,4,Nuevo,131,WhatsApp
904,1,0.817,330684,5,Nuevo,40,Llamada
905,1,0.825,885134,2,Nuevo,66,WhatsApp
906,1,0.237,1176859,1,Nuevo,47,Instagram
907,1,0.324,781401,2,Nuevo,85,Instagram
910,4,0.287,2293445,5,Recurrente,24,Web
913,1,0.055,1383509,4,Nuevo,85,WhatsApp
915,1,0.101,2573768,4,Nuevo,174,Instagram
916,1,0.792,1756135,4,Nuevo,83,WhatsApp
918,8,0.427,2262462,5,Recurrente,123,WhatsApp
919,7,0.513,2294968,2,Recurrente,110,WhatsApp
921,1,0.551,236589,5,Nuevo,51,WhatsApp
923,8,0.611,2851377,5,Recurrente,31,WhatsApp
924,1,0.933,517153,5,Nuevo,151,Instagram
925,1,0.196,2879707,2,Nuevo,130,WhatsApp
926,1,0.765,550642,5,Nuevo,117,Instagram
928,1,0.375,1520952,4,Nuevo,167,Instagram
930,1,0.352,1676885,2,Nuevo,134,Instagram
931,1,0.174,271120,3,Nuevo,126,WhatsApp
932,9,0.373,1132221,2,Recurrente,36,Instagram
933,5,0.418,71179,4,Recurrente,6,Llamada
934,1,0.301,584979,5,Nuevo,76,Instagram
935,1,0.657,703724,5,Nuevo,81,Instagram
936,1,0.919,1330475,3,Nuevo,94,WhatsApp
937,1,0.401,2454607,4,Nuevo,21,Llamada
938,1,0.192,1456101,1,Nuevo,77,Instagram
941,1,0.572,1547567,4,Nuevo,18,WhatsApp
943,1,0.15,352476,3,Nuevo,38,WhatsApp
945,2,0.278,2368293,3,Recurrente,35,Instagram
947,6,0.884,2274013,4,Recurrente,156,WhatsApp
948,1,0.084,2712538,1,Nuevo,59,Instagram
949,5,0.517,2679734,3,Recurrente,167,WhatsApp
951,1,0.411,219173,2,Nuevo,160,WhatsApp
952,1,0.877,1254707,3,Nuevo,88,Instagram
955,6,0.208,594991,1,Recurrente,97,Instagram
958,4,0.468,764588,4,Recurrente,165,Instagram
961,1,0.96,2775095,4,Nuevo,4,Instagram
963,1,0.401,219563,3,Nuevo,5,Llamada
964,5,0.521,1237594,1,Recurrente,75,WhatsApp
965,3,0.779,1623474,4,Recurrente,114,Instagram
966,1,0.34,2610206,3,Nuevo,11,WhatsApp
967,1,0.179,346455,5,Nuevo,11,Instagram
968,1,0.585,1224995,5,Nuevo,72,WhatsApp
970,1,0.713,2377994,5,Nuevo,149,Llamada
971,1,0.882,1571984,4,Nuevo,48,WhatsApp
972,1,0.371,285612,5,Nuevo,177,WhatsApp
973,1,0.075,293095,4,Nuevo,3,WhatsApp
974,1,0.958,2983917,1,Nuevo,177,WhatsApp
975,1,0.435,2853810,1,Nuevo,2,WhatsApp
976,1,0.623,2493488,5,Nuevo,143,WhatsApp
977,2,0.666,2713251,5,Recurrente,13,Llamada
979,1,0.205,689695,1,Nuevo,119,WhatsApp
980,1,0.755,2397592,3,Nuevo,168,WhatsApp
981,1,0.804,1141550,1,Recurrente,67,Instagram
982,1,0.553,2822368,5,Nuevo,58,WhatsApp
983,7,0.489,1593738,3,Recurrente,129,Instagram
984,6,0.114,1012334,3,Recurrente,118,WhatsApp
985,1,0.084,1704847,2,Nuevo,9,Instagram
986,1,0.34,2508159,4,Nuevo,74,WhatsApp
987,1,0.311,936469,5,Nuevo,89,WhatsApp
989,1,0.784,1315462,2,Nuevo,153,Instagram
990,1,0.66,2739391,4,Nuevo,131,WhatsApp
991,6,0.518,945719,5,Recurrente,27,Web
993,1,0.978,2146109,4,Nuevo,65,WhatsApp
994,1,0.375,1612570,1,Nuevo,143,Instagram
995,1,0.107,1906609,3,Nuevo,123,Llamada
996,3,0.494,2365323,2,Recurrente,56,WhatsApp
997,1,0.874,2719875,1,Nuevo,150,Instagram
998,8,0.887,2040124,5,Recurrente,150,WhatsApp
999,1,0.011,323390,3,Nuevo,20,Instagram
1000,2,0.886,314602,2,Recurrente,102,Instagram
1001,1,0.271,1617737,3,Nuevo,152,WhatsApp
1002,2,0.039,1288155,2,Recurrente,57,WhatsApp
1005,1,0.596,2461197,3,Nuevo,142,Instagram
1006,1,0.574,2144716,3,Nuevo,155,Instagram
1007,1,0.813,2378476,1,Nuevo,131,Llamada
1010,6,0.553,864110,4,Recurrente,102,Instagram
1011,1,0.968,926876,2,Nuevo,71,WhatsApp
1012,1,0.996,324507,4,Nuevo,170,Instagram
1013,1,0.117,1768002,4,Nuevo,88,Instagram
1014,1,0.85,2210956,1,Nuevo,57,WhatsApp
1015,1,0.5,1213009,2,Nuevo,104,WhatsApp
1016,1,0.388,2195696,5,Nuevo,179,Instagram
1017,1,0.613,848184,4,Nuevo,68,Instagram
1020,7,0.871,2950263,2,Recurrente,24,WhatsApp
1021,1,0.213,2630456,1,Nuevo,120,Llamada
1022,9,0.426,1623663,3,Recurrente,34,WhatsApp
1023,1,0.939,453150,1,Nuevo,14,Web
1027,1,0.519,453125,4,Nuevo,87,WhatsApp
1028,4,0.632,1190043,3,Recurrente,162,WhatsApp
1030,1,0.452,1833318,4,Nuevo,37,WhatsApp
1031,5,0.817,1519805,5,Recurrente,23,Instagram
1032,1,0.534,153018,5,Nuevo,18,WhatsApp
1034,1,0.658,271325,1,Nuevo,48,Instagram
1036,1,0.558,111684,5,Nuevo,153,WhatsApp
1037,4,0.057,1912334,1,Recurrente,152,Instagram
1038,1,0.17,587889,4,Nuevo,34,WhatsApp
1039,5,0.285,1747458,2,Recurrente,163,WhatsApp
1040,4,0.283,2934719,3,Recurrente,141,WhatsApp
1041,4,0.673,1776677,5,Recurrente,55,WhatsApp
1042,1,0.018,1108677,5,Nuevo,133,Instagram
1043,1,0.756,1248279,5,Nuevo,31,WhatsApp
1044,1,0.265,2874596,1,Nuevo,25,WhatsApp
1046,7,0.528,1528662,1,Recurrente,176,WhatsApp
1047,1,0.216,2851497,3,Nuevo,55,WhatsApp
1048,1,0.884,470431,2,Nuevo,36,WhatsApp
1050,1,0.444,2905327,4,Nuevo,52,WhatsApp
1051,6,0.849,2166367,5,Recurrente,100,Instagram
1052,1,0.616,1845054,5,Nuevo,77,WhatsApp
1053,6,0.292,719384,5,Recurrente,35,WhatsApp
1054,1,0.421,126949,5,Nuevo,100,WhatsApp
1056,1,0.973,2847995,4,Nuevo,26,WhatsApp
1057,1,0.893,942711,1,Nuevo,1,Instagram
1059,4,0.998,802932,5,Recurrente,65,Llamada
1060,1,0.004,1502303,4,Nuevo,111,WhatsApp
1061,1,0.028,2793338,5,Nuevo,16,WhatsApp
1062,5,0.824,1589563,4,Recurrente,131,WhatsApp
1065,1,0.237,1383986,1,Nuevo,78,Instagram
1066,1,0.426,638843,1,Nuevo,143,Instagram
1067,1,0.731,2210147,4,Nuevo,103,Instagram
1068,1,0.624,2091836,4,Nuevo,146,WhatsApp
1070,1,0.503,2610745,4,Nuevo,30,Instagram
1071,7,0.926,1725209,1,Recurrente,127,Instagram
1072,1,0.815,1456831,3,Nuevo,131,WhatsApp
1073,1,0.323,1688266,1,Nuevo,90,WhatsApp
1076,1,0.062,1484467,3,Nuevo,42,WhatsApp
1077,1,0.035,1271381,1,Nuevo,73,Instagram
1078,2,0.168,2401646,3,Recurrente,48,Llamada
1080,1,0.184,2895929,1,Nuevo,107,WhatsApp
1081,1,0.511,2856299,5,Nuevo,59,WhatsApp
1082,1,0.093,916555,3,Nuevo,93,Llamada
1084,1,0.344,2497100,4,Nuevo,72,WhatsApp
1085,1,0.908,1019966,4,Nuevo,98,WhatsApp
1087,4,0.006,2520351,4,Recurrente,174,WhatsApp
1090,1,0.909,1745425,1,Nuevo,27,WhatsApp
1093,3,0.11,1983606,1,Recurrente,35,Llamada
1094,1,0.384,837670,5,Nuevo,124,WhatsApp
1095,1,0.94,1310505,3,Nuevo,140,Instagram
1097,1,0.868,1412061,3,Nuevo,150,WhatsApp
1098,1,0.366,544285,2,Nuevo,12,WhatsApp
1100,1,0.974,883430,4,Nuevo,39,Instagram
1101,1,0.017,2323083,4,Nuevo,157,WhatsApp
1102,1,0.948,607466,3,Nuevo,123,WhatsApp
1103,1,0.369,1511121,2,Nuevo,24,Web
1104,1,0.01,1332738,5,Nuevo,153,WhatsApp
1107,1,0.966,2362253,1,Nuevo,38,WhatsApp
1110,1,0.566,1198866,1,Recurrente,176,Instagram
1111,1,0.637,1041166,5,Nuevo,168,WhatsApp
1112,7,0.739,1599166,4,Recurrente,19,WhatsApp
1113,1,0.181,713622,3,Nuevo,171,Instagram
1115,1,0.639,1953839,1,Nuevo,148,WhatsApp
1116,1,0.847,393367,5,Nuevo,14,Instagram
1117,1,0.54,1615433,4,Nuevo,166,WhatsApp
1118,1,0.414,2717083,1,Nuevo,41,Instagram
1119,1,0.977,1297305,2,Nuevo,3,WhatsApp
1120,5,0.582,1626446,4,Recurrente,151,Llamada
1122,1,0.953,1872821,2,Nuevo,113,Instagram
1123,1,0.675,678292,1,Nuevo,128,WhatsApp
1124,1,0.549,2711440,3,Nuevo,140,Llamada
1125,1,0.004,676880,5,Nuevo,53,WhatsApp
1126,3,0.04,2637576,1,Recurrente,81,Instagram
1127,1,0.201,1048931,4,Nuevo,39,Instagram
1128,1,0.186,1551593,5,Nuevo,126,WhatsApp
1129,1,0.255,242811,3,Nuevo,138,WhatsApp
1130,1,0.305,1617938,1,Nuevo,41,WhatsApp
1131,1,0.36,2876693,3,Nuevo,92,WhatsApp
1133,1,0.099,943546,1,Nuevo,24,WhatsApp
1135,1,0.674,2854700,5,Nuevo,163,WhatsApp
1136,4,0.537,1764849,5,Recurrente,124,WhatsApp
1137,1,0.444,2231421,3,Nuevo,171,Instagram
1139,1,0.828,2383793,5,Nuevo,91,WhatsApp
1140,1,0.428,449319,2,Nuevo,172,WhatsApp
1141,1,0.641,2931270,5,Nuevo,135,WhatsApp
1142,1,0.954,958478,1,Nuevo,84,Instagram
1144,1,0.426,264241,5,Nuevo,171,Instagram
1145,6,0.645,632927,5,Recurrente,145,WhatsApp
1146,1,0.177,1580520,4,Nuevo,46,Instagram
1147,1,0.561,2101556,4,Nuevo,152,Instagram
1148,1,0.981,1464323,1,Nuevo,168,Llamada
1151,1,0.407,315121,5,Nuevo,110,WhatsApp
1153,1,0.579,950897,1,Nuevo,86,WhatsApp
1155,1,0.587,1377476,5,Nuevo,164,WhatsApp
1157,1,0.032,240984,4,Nuevo,40,WhatsApp
1158,3,0.821,2817544,3,Recurrente,147,Instagram
1162,1,0.194,1703878,2,Nuevo,135,WhatsApp
1163,3,0.974,2834629,1,Recurrente,132,Instagram
1165,1,0.601,523937,2,Nuevo,38,WhatsApp
1166,1,0.61,1878016,3,Nuevo,164,WhatsApp
1167,1,0.56,2200248,4,Nuevo,124,Llamada
1168,3,0.915,2815583,3,Recurrente,104,Web
1169,10,0.674,1087588,3,Recurrente,4,Instagram
1170,1,0.404,1949657,3,Nuevo,135,WhatsApp
1171,1,0.862,2941625,1,Nuevo,3,Llamada
1174,3,0.951,622551,1,Recurrente,53,WhatsApp
1176,1,0.817,1203396,3,Nuevo,77,Instagram
1177,4,0.654,2779085,2,Recurrente,18,WhatsApp
1179,1,0.944,539454,5,Nuevo,67,Instagram
1180,1,0.273,1388943,2,Nuevo,32,Instagram
1181,1,0.17,870007,4,Nuevo,149,Instagram
1182,1,0.484,2912216,1,Nuevo,138,Instagram
1183,1,0.702,1382381,3,Nuevo,15,Llamada
1184,1,0.227,2098055,5,Nuevo,126,WhatsApp
1185,1,0.004,1921440,2,Nuevo,92,Instagram
1186,1,0.343,2377271,5,Nuevo,43,WhatsApp
1189,1,0.401,1628894,5,Nuevo,78,WhatsApp
1190,1,0.193,402195,5,Nuevo,85,Instagram
1192,2,0.17,884175,3,Recurrente,5,Instagram
1194,2,0.907,1426335,2,Recurrente,19,WhatsApp
1195,1,0.998,537800,2,Nuevo,163,WhatsApp
1196,1,0.164,2519732,2,Nuevo,129,WhatsApp
1197,1,0.055,2674406,5,Nuevo,69,Instagram
1199,1,0.462,1474558,5,Nuevo,130,WhatsApp
1200,1,0.205,1791240,3,Nuevo,6,WhatsApp
1203,1,0.774,1426850,3,Nuevo,53,WhatsApp
1204,1,0.713,2692854,1,Nuevo,40,WhatsApp
1205,5,0.635,2240157,3,Recurrente,114,Instagram
1207,7,0.909,1976750,3,Recurrente,101,Llamada
1208,1,0.97,501436,2,Nuevo,81,WhatsApp
1209,1,0.174,752145,2,Nuevo,62,WhatsApp
1210,1,0.223,254390,2,Nuevo,0,Instagram
1212,1,0.091,1343965,1,Nuevo,173,Instagram
1213,1,0.436,1760025,5,Nuevo,142,WhatsApp
1214,7,0.582,2349078,3,Recurrente,144,WhatsApp
1215,1,0.522,2176552,2,Nuevo,148,Web
1217,1,0.542,2199915,3,Nuevo,106,Instagram
1218,5,0.959,1303246,4,Recurrente,137,Llamada
1219,1,0.206,2819936,5,Nuevo,64,WhatsApp
1220,5,0.655,943242,3,Recurrente,36,Instagram
1221,1,0.043,2257107,5,Nuevo,111,Instagram
1223,1,0.552,986834,4,Nuevo,75,Instagram
1224,1,0.105,786626,1,Nuevo,39,Web
1228,1,0.703,1208178,5,Nuevo,107,WhatsApp
1233,1,0.412,296921,3,Nuevo,128,Instagram
1234,1,0.654,1004192,1,Nuevo,125,WhatsApp
1236,8,0.938,1338900,4,Recurrente,130,Instagram
1237,5,0.004,1452744,3,Recurrente,116,Instagram
1238,1,0.885,2302346,3,Nuevo,148,Instagram
1239,4,0.066,1795160,2,Recurrente,12,WhatsApp
1241,1,0.282,2546699,1,Nuevo,104,WhatsApp
1242,3,0.382,2889614,2,Recurrente,160,WhatsApp
1243,1,0.092,423555,2,Nuevo,133,WhatsApp
1244,5,0.112,92262,2,Recurrente,24,WhatsApp
1245,1,0.727,2128237,2,Nuevo,150,Llamada
1246,1,0.944,156435,5,Nuevo,87,WhatsApp
1248,1,0.716,739286,2,Nuevo,25,WhatsApp
1249,1,0.762,693606,2,Nuevo,131,Instagram
1250,1,0.263,2134281,1,Nuevo,101,Instagram
1251,2,0.045,442278,3,Recurrente,162,WhatsApp
1252,6,0.002,2688968,5,Recurrente,99,WhatsApp
1253,1,0.351,403082,2,Nuevo,24,WhatsApp
1254,1,0.241,1588971,4,Nuevo,147,WhatsApp
1255,1,0.062,1353511,4,Nuevo,0,Instagram
1256,1,0.18,426140,4,Nuevo,93,Instagram
1257,1,0.124,1159897,1,Nuevo,67,Instagram
1258,1,0.915,585814,4,Nuevo,22,Instagram
1259,1,0.14,813871,1,Nuevo,105,Instagram
1260,4,0.538,534780,5,Recurrente,149,Web
1261,1,0.593,1780645,4,Nuevo,94,Instagram
1262,1,0.543,157535,3,Nuevo,61,WhatsApp
1263,1,0.099,65063,2,Nuevo,128,WhatsApp
1264,1,0.319,1627077,5,Nuevo,67,WhatsApp
1265,1,0.051,1907805,3,Nuevo,146,Instagram
1267,1,0.189,1183522,4,Nuevo,128,Instagram
1268,1,0.562,663206,5,Nuevo,47,WhatsApp
1269,1,0.693,1122231,5,Nuevo,18,Instagram
1272,1,0.387,1907563,3,Nuevo,149,WhatsApp
1274,6,0.219,1905247,2,Recurrente,133,Llamada
1275,1,0.734,1222017,4,Nuevo,148,WhatsApp
1276,1,0.757,1457858,4,Nuevo,146,WhatsApp
1277,1,0.419,1409871,1,Nuevo,164,WhatsApp
1278,1,0.297,2673643,1,Nuevo,62,WhatsApp
1279,1,0.471,1243283,5,Nuevo,156,WhatsApp
1280,1,0.093,1282219,4,Nuevo,161,Instagram
1281,6,0.046,1755080,3,Recurrente,128,WhatsApp
1282,1,0.112,1524491,1,Nuevo,47,Instagram
1283,1,0.187,1452383,1,Nuevo,88,WhatsApp
1284,1,0.504,1490564,3,Nuevo,126,WhatsApp
1286,1,0.236,2164096,3,Nuevo,161,Instagram
1287,8,0.935,2346893,2,Recurrente,153,WhatsApp
1288,1,0.955,118947,3,Nuevo,35,WhatsApp
1289,1,0.959,2182343,2,Nuevo,150,WhatsApp
1290,1,0.838,297129,5,Nuevo,80,WhatsApp
1291,1,0.364,1350343,5,Nuevo,46,WhatsApp
1292,5,0.073,122264,1,Recurrente,171,WhatsApp
1293,1,0.569,238996,3,Nuevo,147,WhatsApp
1297,1,0.508,659251,5,Nuevo,74,WhatsApp
1298,5,0.345,1885980,5,Recurrente,91,Instagram
1299,3,0.186,187693,1,Recurrente,61,WhatsApp
1300,1,0.005,272621,3,Nuevo,65,Llamada
1301,1,0.509,238766,4,Nuevo,151,WhatsApp
1302,1,0.556,1939785,3,Nuevo,79,Instagram
1304,1,0.505,2366983,3,Nuevo,143,Instagram
1307,1,0.84,1355967,5,Nuevo,63,WhatsApp
1308,1,0.148,1448916,5,Nuevo,28,Llamada
1309,1,0.855,1421105,2,Nuevo,86,WhatsApp
1311,3,0.17,2112645,4,Recurrente,30,WhatsApp
1312,1,0.19,866700,3,Nuevo,82,WhatsApp
1313,1,0.927,1094332,5,Nuevo,142,Web
1314,1,0.032,555871,5,Nuevo,32,Instagram
1315,7,0.463,2107956,1,Recurrente,179,WhatsApp
1316,3,0.313,2806802,5,Recurrente,99,WhatsApp
1317,5,0.665,498250,1,Recurrente,147,WhatsApp
1318,1,0.84,2533946,5,Nuevo,72,WhatsApp
1319,6,0.36,2947016,5,Recurrente,165,WhatsApp
1320,1,0.427,1689922,4,Nuevo,130,WhatsApp
1324,2,0.439,477463,1,Recurrente,162,WhatsApp
1325,1,0.234,2415973,5,Nuevo,123,Llamada
1327,5,0.716,2197509,3,Recurrente,83,WhatsApp
1328,1,0.109,1154388,1,Nuevo,83,Instagram
1329,1,0.27,615904,2,Nuevo,82,WhatsApp
1330,7,0.047,2601652,1,Recurrente,104,Llamada
1331,1,0.432,1545270,1,Nuevo,101,WhatsApp
1332,3,0.827,235128,4,Recurrente,92,WhatsApp
1333,4,0.025,534699,2,Recurrente,59,Instagram
1336,1,0.237,1687026,4,Nuevo,108,Instagram
1337,6,0.694,1252453,1,Recurrente,166,WhatsApp
1338,1,0.975,856575,3,Nuevo,139,WhatsApp
1339,1,0.962,2864985,4,Nuevo,93,Instagram
1340,1,0.235,2294241,2,Nuevo,63,WhatsApp
1342,1,0.148,91713,1,Nuevo,93,Instagram
1345,1,0.674,365410,4,Nuevo,26,WhatsApp
1346,1,0.336,2814854,4,Nuevo,131,WhatsApp
1347,1,0.17,2865702,1,Nuevo,71,WhatsApp
1348,1,0.581,726560,3,Nuevo,47,WhatsApp
1349,1,0.484,2285412,2,Nuevo,135,Instagram
1351,1,0.441,2412104,5,Nuevo,173,WhatsApp
1352,1,0.339,325995,2,Nuevo,43,WhatsApp
1353,1,0.293,524106,4,Nuevo,51,WhatsApp
1355,1,0.266,2555426,3,Nuevo,20,WhatsApp
1358,1,0.037,637283,2,Nuevo,113,WhatsApp
1359,1,0.186,1588558,1,Nuevo,168,WhatsApp
1360,1,0.747,2708121,5,Nuevo,156,Instagram
1361,1,0.325,2998093,5,Nuevo,102,Web
1362,5,0.668,526555,4,Recurrente,133,Instagram
1363,7,0.717,117703,4,Recurrente,55,WhatsApp
1364,1,0.581,2870192,3,Nuevo,13,Instagram
1366,1,0.021,1861992,4,Nuevo,100,Llamada
1367,7,0.739,354280,4,Recurrente,179,WhatsApp
1368,1,0.959,1321028,2,Nuevo,0,Instagram
1369,1,0.862,563795,2,Nuevo,11,Instagram
1370,1,0.168,1978707,4,Nuevo,114,Instagram
1371,1,0.327,133086,3,Nuevo,105,Instagram
1375,1,0.317,689135,3,Recurrente,154,Instagram
1376,1,0.54,2252699,4,Nuevo,52,Instagram
1378,5,0.421,2101763,5,Recurrente,16,Instagram
1380,1,0.772,2901871,4,Nuevo,109,WhatsApp
1381,1,0.065,558237,3,Nuevo,142,Instagram
1382,2,0.621,561500,4,Recurrente,166,WhatsApp
1383,1,0.235,419531,2,Nuevo,3,Instagram
1384,5,0.558,1388283,4,Recurrente,144,WhatsApp
1385,5,0.957,1062063,3,Recurrente,138,WhatsApp
1386,6,0.879,1263778,4,Recurrente,11,Instagram
1389,7,0.234,625883,4,Recurrente,171,Instagram
1391,1,0.114,2687761,1,Nuevo,176,WhatsApp
1392,1,0.549,1266396,1,Nuevo,103,WhatsApp
1395,4,0.22,84187,1,Recurrente,130,Llamada
1398,1,0.35,1315365,5,Nuevo,34,WhatsApp
1399,3,0.093,2765648,4,Recurrente,116,WhatsApp
1400,1,0.517,117114,3,Nuevo,175,Instagram
1401,1,0.213,1799302,5,Nuevo,166,Instagram
1402,1,0.536,2800631,5,Nuevo,151,Instagram
1403,1,0.835,1482609,2,Nuevo,19,Instagram
1407,1,0.927,969284,1,Nuevo,105,Instagram
1408,6,0.932,2002109,5,Recurrente,145,Llamada
1409,1,0.513,1865385,2,Nuevo,104,Instagram
1410,1,0.306,1309846,4,Nuevo,92,WhatsApp
1411,1,0.46,691137,2,Nuevo,40,WhatsApp
1412,1,0.187,2244204,3,Nuevo,99,Instagram
1413,1,0.636,2799334,4,Nuevo,68,WhatsApp
1416,1,0.198,737246,2,Recurrente,145,WhatsApp
1418,1,0.888,2196612,5,Nuevo,143,WhatsApp
1420,1,0.682,2085923,4,Nuevo,99,Instagram
1422,5,0.571,1267740,3,Recurrente,84,WhatsApp
1423,1,0.447,1685543,1,Nuevo,118,Instagram
1424,1,0.659,115781,2,Nuevo,30,Instagram
1425,1,0.051,320574,4,Nuevo,108,WhatsApp
1426,3,0.493,516935,1,Recurrente,162,WhatsApp
1427,1,0.296,612980,4,Nuevo,26,WhatsApp
1430,1,0.183,2413203,5,Nuevo,16,WhatsApp
1432,4,0.51,1136445,5,Recurrente,128,Instagram
1435,1,0.744,2790701,2,Nuevo,40,Instagram
1436,2,0.856,426783,4,Recurrente,19,WhatsApp
1437,1,0.31,1996698,4,Nuevo,70,WhatsApp
1440,1,0.833,1290653,4,Nuevo,143,Instagram
1441,1,0.044,1602844,3,Nuevo,38,WhatsApp
1444,4,0.565,2416609,3,Recurrente,63,WhatsApp
1445,1,0.436,2044083,2,Nuevo,174,WhatsApp
1448,1,0.431,2873762,4,Nuevo,176,Instagram
1450,1,0.901,431595,4,Nuevo,18,Instagram
1451,1,0.261,141634,4,Nuevo,105,Web
1452,6,0.868,159119,4,Recurrente,66,WhatsApp
1453,2,0.644,1767696,5,Recurrente,166,WhatsApp
1454,1,0.02,2481087,3,Nuevo,88,Instagram
1455,1,0.725,1442878,5,Nuevo,59,Instagram
1457,1,0.997,79715,5,Nuevo,48,WhatsApp
1458,2,0.873,1003919,2,Recurrente,142,WhatsApp
1459,1,0.297,268400,1,Nuevo,127,WhatsApp
1460,5,0.257,1599904,4,Recurrente,60,Instagram
1461,1,0.381,709012,1,Nuevo,170,WhatsApp
1462,1,0.356,2292027,1,Nuevo,142,Llamada
1463,4,0.372,318451,2,Recurrente,4,WhatsApp
1464,1,0.318,1523117,1,Nuevo,28,WhatsApp
1465,1,0.621,2467912,1,Recurrente,68,WhatsApp
1466,1,0.164,1027987,2,Nuevo,149,WhatsApp
1467,1,0.846,2791268,3,Nuevo,12,Instagram
1469,6,0.476,510287,1,Recurrente,115,Instagram
1470,1,0.853,2293156,4,Nuevo,174,WhatsApp
1472,1,0.018,2333630,1,Nuevo,156,WhatsApp
1473,1,0.619,1640196,3,Nuevo,79,Instagram
1474,1,0.458,201397,3,Nuevo,99,WhatsApp
1475,1,0.567,564507,4,Nuevo,16,WhatsApp
1476,1,0.899,2663681,1,Nuevo,147,WhatsApp
1477,1,0.97,1231051,4,Nuevo,113,WhatsApp
1478,4,0.634,1417691,3,Recurrente,5,WhatsApp
1479,3,0.764,823559,3,Recurrente,21,WhatsApp
1480,1,0.084,2133703,5,Nuevo,136,WhatsApp
1482,1,0.733,1695906,2,Nuevo,87,Llamada
1485,1,0.309,849428,3,Nuevo,48,WhatsApp
1486,1,0.607,888917,2,Nuevo,103,WhatsApp
1487,6,0.185,97830,5,Recurrente,157,Instagram
1488,1,0.627,1132946,2,Nuevo,101,WhatsApp
1490,1,0.064,2619376,5,Nuevo,105,WhatsApp
1492,1,0.231,2864073,4,Nuevo,85,WhatsApp
1496,1,0.549,2140204,5,Nuevo,49,Llamada
1498,1,0.046,1585705,2,Nuevo,179,WhatsApp
1500,1,0.988,1270057,2,Nuevo,65,Llamada
1501,1,0.659,2741980,4,Nuevo,172,Instagram
1503,1,0.47,719156,4,Nuevo,27,Instagram
1504,1,0.267,2712412,3,Nuevo,19,Instagram
1505,4,0.345,122613,5,Recurrente,176,WhatsApp
1506,1,0.649,669672,4,Nuevo,120,WhatsApp
1507,5,0.883,1363981,5,Recurrente,96,WhatsApp
1508,1,0.184,1377766,4,Nuevo,118,WhatsApp
1509,1,0.84,849829,1,Nuevo,108,Web
1510,1,0.122,1552228,1,Nuevo,25,WhatsApp
1511,2,0.215,927237,1,Recurrente,146,WhatsApp
1512,5,0.037,1069198,4,Recurrente,105,Instagram
1514,7,0.917,1085210,1,Recurrente,61,Llamada
1515,1,0.459,720659,5,Nuevo,125,Llamada
1520,1,0.933,2719770,2,Nuevo,34,Instagram
1521,2,0.22,2062388,3,Recurrente,109,WhatsApp
1522,3,0.836,1279024,4,Recurrente,166,WhatsApp
1523,6,0.69,1690920,4,Recurrente,159,WhatsApp
1524,8,0.87,2298322,4,Recurrente,13,WhatsApp
1525,1,0.797,679275,3,Nuevo,154,WhatsApp
1528,1,0.262,2168309,4,Nuevo,42,Llamada
1529,1,0.329,491588,5,Nuevo,54,Llamada
1531,1,0.935,2703797,1,Nuevo,92,Instagram
1532,5,0.291,324722,1,Recurrente,162,Instagram
1533,4,0.521,2013465,4,Recurrente,94,WhatsApp
1534,1,0.391,2018331,3,Nuevo,159,WhatsApp
1535,1,0.96,2357273,4,Nuevo,146,Llamada
1536,1,0.335,1529221,1,Nuevo,94,WhatsApp
1538,1,0.855,1578318,4,Nuevo,147,Instagram
1539,7,0.436,2828011,3,Recurrente,27,WhatsApp
1540,1,0.378,973925,3,Nuevo,2,Instagram
1542,1,0.913,766300,2,Nuevo,85,Instagram
1543,1,0.755,1316019,1,Nuevo,107,Instagram
1545,1,0.888,193274,1,Nuevo,116,WhatsApp
1546,1,0.388,2641318,2,Nuevo,107,WhatsApp
1547,6,0.576,2533277,1,Recurrente,14,WhatsApp
1548,1,0.831,569071,3,Nuevo,61,WhatsApp
1549,1,0.188,272274,5,Nuevo,30,Instagram
1550,1,0.785,873509,4,Nuevo,25,Instagram
1551,7,0.596,305672,4,Recurrente,147,WhatsApp
1552,1,0.893,200468,3,Nuevo,65,WhatsApp
1554,1,0.421,788848,2,Nuevo,114,Instagram
1555,1,0.833,2207682,1,Nuevo,59,WhatsApp
1556,1,0.019,2342498,2,Nuevo,62,WhatsApp
1557,1,0.112,1741043,4,Nuevo,178,WhatsApp
1558,1,0.991,77122,1,Nuevo,100,WhatsApp
1559,1,0.28,2962965,2,Nuevo,166,WhatsApp
1561,1,0.183,563888,1,Nuevo,138,WhatsApp
1562,6,0.361,712448,5,Recurrente,118,Instagram
1563,1,0.753,2768794,5,Nuevo,56,Instagram
1564,8,0.658,1488448,2,Recurrente,130,WhatsApp
1565,10,0.581,1635686,3,Recurrente,36,WhatsApp
1566,1,0.53,182508,1,Nuevo,110,Instagram
1567,1,0.843,2602222,2,Nuevo,152,Instagram
1568,1,0.235,2960865,3,Nuevo,148,WhatsApp
1572,1,0.251,1466743,3,Nuevo,22,WhatsApp
1573,3,0.334,2332176,4,Recurrente,106,WhatsApp
1574,1,0.471,2169918,2,Nuevo,112,WhatsApp
1575,7,0.027,464429,1,Recurrente,151,Web
1577,1,0.686,898671,4,Nuevo,88,WhatsApp
1580,1,0.695,1155340,4,Nuevo,46,Instagram
1581,1,0.008,2702298,5,Nuevo,102,WhatsApp
1582,1,0.617,1141426,4,Nuevo,162,Llamada
1583,1,0.094,980522,1,Nuevo,61,WhatsApp
1584,1,0.781,1443737,3,Nuevo,72,WhatsApp
1585,1,0.992,2984374,5,Nuevo,2,WhatsApp
1586,9,0.531,393264,4,Recurrente,101,WhatsApp
1588,1,0.237,2893749,2,Nuevo,104,WhatsApp
1589,1,0.438,418903,3,Nuevo,43,WhatsApp
1590,4,0.856,552704,1,Recurrente,159,WhatsApp
1591,1,0.167,751335,5,Nuevo,99,WhatsApp
1592,3,0.266,2999280,4,Recurrente,25,WhatsApp
1593,1,0.445,2759266,5,Nuevo,47,Instagram
1594,5,0.712,2111057,4,Recurrente,4,WhatsApp
1595,1,0.376,2900442,5,Nuevo,58,Instagram
1597,1,0.094,1746016,1,Nuevo,48,Llamada
1598,1,0.371,581369,3,Nuevo,157,Instagram
1599,1,0.709,414860,1,Nuevo,144,WhatsApp
1600,4,0.226,715474,5,Recurrente,69,WhatsApp
1601,6,0.656,823205,5,Recurrente,14,WhatsApp
1602,5,0.164,2496804,1,Recurrente,0,WhatsApp
1603,1,0.056,2014760,2,Nuevo,140,WhatsApp
1604,1,0.121,449104,5,Nuevo,175,WhatsApp
1605,1,0.93,2085334,3,Nuevo,127,WhatsApp
1606,1,0.552,2638051,2,Nuevo,161,WhatsApp
1608,1,0.333,2387142,4,Nuevo,157,WhatsApp
1610,1,0.495,1773235,4,Nuevo,118,WhatsApp
1611,2,0.946,2072130,3,Recurrente,63,WhatsApp
1614,1,0.046,2403458,3,Nuevo,43,WhatsApp
1615,5,0.55,2887933,4,Recurrente,11,WhatsApp
1616,1,0.467,2700786,4,Nuevo,121,Instagram
1617,1,0.928,425651,3,Nuevo,167,Instagram
1618,7,0.257,2141271,5,Recurrente,23,WhatsApp
1620,1,0.411,1728442,3,Nuevo,0,Instagram
1622,1,0.129,1934673,5,Nuevo,67,WhatsApp
1623,3,0.857,746761,3,Recurrente,104,WhatsApp
1624,1,0.558,1172304,4,Nuevo,93,WhatsApp
1625,6,0.861,2645173,1,Recurrente,123,Instagram
1627,1,0.282,1672918,4,Nuevo,21,WhatsApp
1628,1,0.548,1268135,2,Nuevo,156,WhatsApp
1629,6,0.083,452628,3,Recurrente,88,WhatsApp
1631,1,0.404,2752939,5,Nuevo,123,Llamada
1632,1,0.394,1805409,5,Nuevo,144,WhatsApp
1634,8,0.461,2213705,2,Recurrente,38,WhatsApp
1635,0,0.252,1628143,4,Recurrente,167,WhatsApp
1637,1,0.8,2425113,5,Nuevo,129,Instagram
1638,1,0.834,759192,1,Nuevo,154,WhatsApp
1639,1,0.304,405760,1,Nuevo,148,Instagram
1640,7,0.469,2569494,4,Recurrente,86,WhatsApp
1643,1,0.889,764036,3,Nuevo,175,WhatsApp
1644,1,0.219,752175,2,Nuevo,125,WhatsApp
1645,1,0.679,2905467,5,Nuevo,146,WhatsApp
1646,1,0.583,2891423,2,Nuevo,72,Instagram
1647,1,0.553,685318,5,Nuevo,139,Instagram
1648,1,0.859,691673,5,Nuevo,93,Web
1649,2,0.102,2310749,5,Recurrente,1,Instagram
1651,8,0.538,1142643,3,Recurrente,124,WhatsApp
1653,8,0.216,912865,2,Recurrente,20,Instagram
1654,7,0.803,2960223,4,Recurrente,77,Instagram
1655,1,0.4,446008,5,Nuevo,78,WhatsApp
1657,7,0.759,537976,1,Recurrente,105,WhatsApp
1658,1,0.091,69198,1,Nuevo,104,WhatsApp
1659,1,0.515,751565,4,Nuevo,9,WhatsApp
1661,1,0.356,1902883,1,Nuevo,54,WhatsApp
1663,1,0.556,2426189,2,Nuevo,50,Llamada
1665,4,0.429,68243,1,Recurrente,16,Instagram
1666,1,0.227,2086677,2,Nuevo,60,WhatsApp
1667,1,0.456,2828001,3,Nuevo,90,WhatsApp
1668,1,0.953,2488510,5,Nuevo,140,WhatsApp
1669,1,0.85,936801,3,Nuevo,94,WhatsApp
1670,6,0.145,1735559,4,Recurrente,79,WhatsApp
1672,1,0.934,753365,5,Nuevo,47,Instagram
1673,1,0.527,276073,2,Nuevo,85,Llamada
1674,1,0.538,696868,2,Nuevo,69,WhatsApp
1675,1,0.781,387468,1,Nuevo,46,WhatsApp
1677,1,0.482,293470,2,Nuevo,79,WhatsApp
1679,1,0.672,2586331,4,Nuevo,57,WhatsApp
1680,6,0.154,2058063,4,Recurrente,83,WhatsApp
1681,1,0.133,741332,4,Nuevo,67,Instagram
1682,1,0.204,2426255,2,Nuevo,83,Web
1683,1,0.767,558102,5,Nuevo,85,Llamada
1684,5,0.295,1450063,3,Recurrente,156,Instagram
1685,1,0.021,215205,2,Nuevo,143,Web
1687,1,0.17,1149726,5,Nuevo,174,Llamada
1688,1,0.01,333878,5,Recurrente,42,Instagram
1690,2,0.235,2533734,5,Recurrente,157,WhatsApp
1692,1,0.92,2661649,5,Nuevo,66,WhatsApp
1694,1,0.457,736235,4,Nuevo,100,WhatsApp
1695,1,0.411,206118,4,Nuevo,105,WhatsApp
1696,1,0.555,2301888,5,Nuevo,100,Instagram
1697,1,0.243,2564821,5,Nuevo,7,WhatsApp
1698,8,0.052,2676186,3,Recurrente,171,WhatsApp
1699,5,0.939,698053,3,Recurrente,95,WhatsApp
1700,4,0.187,456433,2,Recurrente,161,WhatsApp
1701,3,0.198,2472480,4,Recurrente,34,WhatsApp
1703,7,0.492,878267,2,Recurrente,49,WhatsApp
1706,2,0.378,2876844,1,Recurrente,43,WhatsApp
1708,7,0.228,2365124,2,Recurrente,176,WhatsApp
1709,1,0.423,2274392,1,Nuevo,129,WhatsApp
1710,1,0.557,1270989,3,Nuevo,71,WhatsApp
1711,1,0.889,2410532,2,Nuevo,109,Instagram
1712,1,0.326,941913,3,Nuevo,136,WhatsApp
1713,3,0.134,2275509,5,Recurrente,128,WhatsApp
1715,1,0.747,2648969,2,Nuevo,136,Instagram
1717,1,0.425,1575245,3,Nuevo,26,WhatsApp
1718,1,0.018,2879534,1,Nuevo,136,WhatsApp
1720,2,0.483,2315634,3,Recurrente,92,Llamada
1721,1,0.298,403126,5,Nuevo,99,WhatsApp
1722,3,0.845,2591670,3,Recurrente,130,WhatsApp
1724,1,0.454,880623,5,Nuevo,150,Instagram
1725,1,0.408,299526,5,Nuevo,121,Llamada
1726,1,0.497,366256,1,Nuevo,109,WhatsApp
1727,1,0.04,2158551,3,Nuevo,72,Instagram
1730,1,0.181,2497073,3,Nuevo,101,Instagram
1731,3,0.12,2938071,3,Recurrente,66,WhatsApp
1732,6,0.144,998329,5,Recurrente,49,Instagram
1733,1,0.661,2810262,4,Nuevo,47,WhatsApp
1734,5,0.661,493445,4,Recurrente,2,WhatsApp
1735,7,0.848,657508,5,Recurrente,65,Instagram
1736,1,0.752,1403838,1,Nuevo,154,WhatsApp
1737,1,0.45,1158191,3,Nuevo,105,Instagram
1738,1,0.613,1702810,3,Nuevo,110,Instagram
1739,1,0.688,696157,4,Nuevo,39,Llamada
1740,1,0.513,937996,5,Nuevo,124,WhatsApp
1741,1,0.476,754875,1,Nuevo,17,WhatsApp
1743,1,0.557,2918045,4,Nuevo,138,Instagram
1744,3,0.644,1281832,4,Recurrente,166,WhatsApp
1746,5,0.719,2994090,2,Recurrente,88,WhatsApp
1747,7,0.643,1921031,1,Recurrente,134,Instagram
1748,6,0.52,890720,1,Recurrente,56,WhatsApp
1749,1,0.682,827156,2,Nuevo,129,WhatsApp
1750,8,0.449,174939,4,Recurrente,37,WhatsApp
1751,8,0.242,338766,5,Recurrente,132,WhatsApp
1752,1,0.001,2091113,1,Nuevo,81,WhatsApp
1754,1,0.591,1939828,3,Nuevo,87,WhatsApp
1755,1,0.972,2982293,3,Nuevo,118,WhatsApp
1756,1,0.361,994974,4,Nuevo,84,Instagram
1757,1,0.394,1239872,1,Nuevo,147,WhatsApp
1758,7,0.202,1861196,5,Recurrente,132,Instagram
1760,1,0.773,147739,3,Nuevo,29,WhatsApp
1761,1,0.25,2373597,1,Nuevo,27,Instagram
1763,7,0.688,1950214,2,Recurrente,108,Web
1764,1,0.471,540548,2,Nuevo,134,WhatsApp
1765,1,0.876,1979333,3,Nuevo,169,Instagram
1766,1,0.444,532974,5,Nuevo,34,WhatsApp
1767,2,0.285,2031853,5,Recurrente,118,WhatsApp
1768,4,0.896,681884,1,Recurrente,33,Instagram
1770,1,0.164,185105,4,Nuevo,116,Instagram
1771,1,0.026,253154,5,Nuevo,75,WhatsApp
1772,1,0.09,2090012,5,Nuevo,53,Llamada
1774,1,0.972,193954,5,Nuevo,137,WhatsApp
1775,4,0.559,1054824,5,Recurrente,26,Instagram
1776,6,0.373,1036354,5,Recurrente,12,WhatsApp
1779,1,0.315,723955,2,Nuevo,20,Instagram
1780,5,0.941,265363,1,Recurrente,130,WhatsApp
1782,1,0.844,2342262,1,Nuevo,69,Llamada
1784,1,0.789,1340879,5,Nuevo,9,Instagram
1785,1,0.179,1456854,1,Nuevo,140,WhatsApp
1788,1,0.291,2559007,3,Nuevo,127,Instagram
1789,1,0.794,2112639,2,Nuevo,150,Instagram
1790,1,0.49,779988,2,Nuevo,127,WhatsApp
1791,1,0.04,1170494,4,Nuevo,179,WhatsApp
1792,13,0.763,485926,1,Recurrente,60,WhatsApp
1796,2,0.947,907624,5,Recurrente,88,WhatsApp
1798,1,0.226,1379426,2,Nuevo,153,WhatsApp
1799,1,0.129,846651,2,Nuevo,20,WhatsApp
1800,1,0.946,1432352,4,Nuevo,151,WhatsApp
1801,1,0.712,2906001,4,Nuevo,15,WhatsApp
1802,1,0.742,1993806,4,Nuevo,159,Web
1803,1,0.499,523212,1,Nuevo,15,Instagram
1806,1,0.56,175312,5,Nuevo,177,Instagram
1807,1,0.247,154894,1,Nuevo,40,WhatsApp
1808,1,0.977,2788558,3,Nuevo,107,WhatsApp
1811,1,0.151,1605722,2,Nuevo,12,WhatsApp
1812,1,0.785,81854,3,Nuevo,78,Instagram
1813,1,0.122,2207948,1,Nuevo,137,WhatsApp
1815,1,0.212,2257532,4,Nuevo,168,WhatsApp
1816,1,0.557,336243,1,Nuevo,120,Instagram
1817,1,0.787,2609574,2,Nuevo,130,WhatsApp
1818,1,0.314,1207447,3,Nuevo,15,Instagram
1819,1,0.085,824079,4,Nuevo,43,Instagram
1820,1,0.465,1523603,4,Nuevo,157,WhatsApp
1821,4,0.748,2162945,1,Recurrente,120,Llamada
1822,1,0.222,2122934,4,Nuevo,164,WhatsApp
1823,1,0.22,1408826,2,Nuevo,23,Llamada
1824,1,0.947,2494958,5,Nuevo,25,WhatsApp
1825,1,0.954,2362988,3,Nuevo,57,Instagram
1826,1,0.99,527347,1,Nuevo,8,Instagram
1829,1,0.212,130882,1,Nuevo,27,WhatsApp
1831,1,0.318,2296232,3,Nuevo,44,Instagram
1832,5,0.957,2749096,1,Recurrente,127,Llamada
1833,1,0.789,2570651,5,Nuevo,93,Llamada
1834,1,0.724,2810330,5,Nuevo,164,Instagram
1838,1,0.164,2343244,1,Nuevo,51,Instagram
1839,5,0.871,687492,3,Recurrente,150,WhatsApp
1841,1,0.081,1613455,5,Nuevo,163,Instagram
1843,7,0.654,1555271,3,Recurrente,48,Instagram
1846,1,0.993,2575449,3,Nuevo,97,Instagram
1847,1,0.678,1288297,3,Nuevo,106,Instagram
1849,1,0.213,1598843,4,Nuevo,36,WhatsApp
1850,1,0.079,1797005,2,Nuevo,115,WhatsApp
1851,1,0.277,2653720,5,Nuevo,16,WhatsApp
1852,1,0.249,2356894,3,Nuevo,31,WhatsApp
1853,1,0.235,948118,1,Nuevo,155,WhatsApp
1854,1,0.193,126377,1,Nuevo,24,Instagram
1857,2,0.82,1329315,2,Recurrente,60,WhatsApp
1858,1,0.184,676551,3,Nuevo,125,WhatsApp
1860,1,0.014,1034789,4,Nuevo,101,WhatsApp
1861,1,0.482,695647,3,Nuevo,19,WhatsApp
1862,1,0.056,1687791,2,Nuevo,108,WhatsApp
1863,9,0.978,385314,4,Recurrente,177,Instagram
1864,1,0.791,912582,2,Nuevo,87,WhatsApp
1865,1,0.49,1385586,4,Nuevo,174,WhatsApp
1866,1,0.087,2943866,3,Nuevo,46,Llamada
1867,1,0.592,2298543,1,Nuevo,50,WhatsApp
1868,1,0.759,1638276,4,Nuevo,38,Instagram
1869,2,0.191,1593955,5,Recurrente,13,Llamada
1870,7,0.568,698423,2,Recurrente,174,WhatsApp
1872,1,0.768,2495644,2,Nuevo,142,WhatsApp
1873,1,0.803,2238520,1,Nuevo,99,WhatsApp
1874,1,0.879,237461,2,Nuevo,96,WhatsApp
1875,1,0.938,832190,2,Nuevo,0,WhatsApp
1876,1,0.406,1378143,5,Nuevo,108,WhatsApp
1877,9,0.569,2504497,2,Recurrente,81,WhatsApp
1878,1,0.791,2615893,4,Nuevo,137,Instagram
1879,1,0.697,2265374,2,Nuevo,150,WhatsApp
1880,1,0.996,2570845,3,Nuevo,17,Instagram
1881,6,0.014,1598548,2,Recurrente,57,Instagram
1883,1,0.281,593864,2,Nuevo,72,WhatsApp
1885,8,0.223,2603071,4,Recurrente,51,WhatsApp
1886,1,0.709,1763616,3,Nuevo,45,WhatsApp
1887,1,0.085,731066,3,Nuevo,106,Instagram
1888,4,0.742,260926,5,Recurrente,12,WhatsApp
1889,1,0.693,2364419,2,Nuevo,95,Instagram
1890,1,0.251,1475762,2,Nuevo,16,Instagram
1891,1,0.253,1824501,4,Nuevo,66,Instagram
1892,1,0.629,2588804,5,Nuevo,60,WhatsApp
1893,1,0.762,1756710,5,Nuevo,64,WhatsApp
1894,4,0.876,2295196,4,Recurrente,132,WhatsApp
1895,1,0.852,195120,3,Nuevo,159,WhatsApp
1897,4,0.581,2518020,4,Recurrente,172,WhatsApp
1899,1,0.809,1573342,5,Nuevo,4,Instagram
1900,1,0.895,530570,4,Nuevo,100,Llamada
1901,10,0.012,935169,1,Recurrente,86,WhatsApp
1902,3,0.966,1568472,2,Recurrente,161,WhatsApp
1904,1,0.798,631890,1,Nuevo,68,WhatsApp
1905,1,0.127,1951411,1,Nuevo,62,Instagram
1906,6,0.396,77182,4,Recurrente,43,WhatsApp
1908,1,0.292,1407779,4,Nuevo,12,WhatsApp
1910,1,0.806,1612244,1,Nuevo,29,WhatsApp
1912,2,0.313,193128,2,Recurrente,62,Instagram
1913,1,0.174,504699,1,Nuevo,72,WhatsApp
1916,1,0.259,1668773,1,Nuevo,176,WhatsApp
1918,7,0.653,1982443,4,Recurrente,62,WhatsApp
1919,6,0.121,1065261,5,Recurrente,140,WhatsApp
1921,1,0.247,2430201,5,Nuevo,106,WhatsApp
1922,1,0.974,1843555,1,Nuevo,108,Instagram
1924,1,0.599,2909146,4,Nuevo,44,Instagram
1925,1,0.242,1586949,1,Nuevo,107,WhatsApp
1926,1,0.49,807624,1,Nuevo,45,Instagram
1927,1,0.074,2344423,5,Nuevo,76,WhatsApp
1930,1,0.399,841006,5,Nuevo,128,Llamada
1931,4,0.137,1449011,5,Recurrente,91,Llamada
1932,1,0.688,2929414,3,Nuevo,11,WhatsApp
1934,1,0.396,2627465,1,Nuevo,72,WhatsApp
1935,1,0.625,336881,2,Nuevo,162,WhatsApp
1936,1,0.963,1646254,5,Nuevo,101,Instagram
1938,1,0.464,1675194,5,Nuevo,160,Llamada
1939,1,0.737,2218234,4,Nuevo,57,WhatsApp
1940,1,0.128,2561648,5,Nuevo,127,Instagram
1941,1,0.512,1328137,5,Nuevo,116,Instagram
1942,1,0.279,1381757,4,Nuevo,34,WhatsApp
1943,1,0.161,2266381,4,Nuevo,173,WhatsApp
1944,1,0.426,1520356,3,Nuevo,83,WhatsApp
1945,1,0.131,280205,1,Nuevo,65,Instagram
1946,8,0.699,2243494,2,Recurrente,171,Instagram
1948,1,0.531,2699527,1,Recurrente,41,Llamada
1949,1,0.146,1635667,3,Nuevo,76,Llamada
1950,4,0.14,378905,5,Recurrente,29,WhatsApp
1952,1,0.985,1825246,3,Nuevo,159,WhatsApp
1953,1,0.096,1963587,4,Nuevo,35,Instagram
1955,1,0.869,1315988,4,Nuevo,21,Instagram
1956,4,0.072,2183916,5,Recurrente,64,Instagram
1957,12,0.876,1584574,4,Recurrente,56,WhatsApp
1958,1,0.524,2340350,5,Nuevo,10,Instagram
1961,1,0.297,1412319,1,Nuevo,18,WhatsApp
1962,4,0.306,876152,2,Recurrente,82,WhatsApp
1963,1,0.885,143120,4,Nuevo,139,WhatsApp
1964,1,0.724,2275128,3,Nuevo,66,Instagram
1965,1,0.67,950499,1,Nuevo,55,WhatsApp
1966,8,0.799,2684659,3,Recurrente,17,Llamada
1967,1,0.257,420652,2,Nuevo,112,Instagram
1968,1,0.618,2458161,1,Nuevo,4,WhatsApp
1969,1,0.46,1004321,4,Nuevo,111,WhatsApp
1970,1,0.782,1298641,3,Nuevo,151,WhatsApp
1971,1,0.309,143391,4,Nuevo,114,WhatsApp
1972,1,0.643,1019884,5,Nuevo,165,WhatsApp
1973,1,0.882,2459696,1,Nuevo,66,Instagram
1974,1,0.402,2131935,3,Nuevo,69,WhatsApp
1975,1,0.067,2445554,2,Nuevo,51,WhatsApp
1976,3,0.516,786366,2,Recurrente,126,WhatsApp
1978,1,0.672,2820793,2,Nuevo,153,WhatsApp
1980,10,0.486,1275328,5,Recurrente,79,Web
1981,1,0.466,2054803,2,Nuevo,175,WhatsApp
1983,1,0.103,1324456,2,Nuevo,110,Instagram
1984,1,0.254,421021,5,Nuevo,52,WhatsApp
1985,1,0.919,2067175,1,Nuevo,136,WhatsApp
1986,1,0.67,1372058,2,Nuevo,132,WhatsApp
1987,1,0.013,793192,2,Nuevo,115,Instagram
1988,1,0.205,2236758,2,Nuevo,71,WhatsApp
1989,1,0.683,332224,1,Recurrente,20,WhatsApp
1990,1,0.764,293747,2,Nuevo,102,Instagram
1991,1,0.84,2395737,1,Nuevo,106,WhatsApp
1992,1,0.292,1108595,1,Nuevo,62,WhatsApp
1994,1,0.553,2065761,4,Nuevo,172,WhatsApp
1996,1,0.597,2876373,3,Nuevo,76,WhatsApp
1997,1,0.123,2126379,4,Nuevo,74,Llamada
1998,1,0.963,2491317,4,Nuevo,157,WhatsApp
